user_token,card_token
52d49984-56d1-4470-9531-9dda4c926f2a,cc044353-f689-4f5d-8886-2b8009018ce9
7630687f-a366-4431-b689-ab21b620f6ad,6e4e34de-d2df-4dd9-8ad6-17ed5b923362
3a89e1d5-997b-4885-ab0f-837ace53bb6c,e0ed345d-31e6-480c-906e-f757abd2bffd
99a893e1-6a04-4ab9-83de-83e1fa86e97e,b0d0df89-9a10-4561-9ec0-9b9908989dda
751d21d1-c29d-4f22-baea-281c1080303e,5f4dd2db-fe88-47c4-a7ef-ebd192950200
5663165d-86c4-43cc-b181-690516580977,1e6caab5-9b4c-4ce4-b1e3-cbf536ad6cf2
70af2b40-74e4-4ee5-b08a-2a9b4ca3ef79,754b8d60-3c42-4890-b123-5159ba02f217
2a20e5e1-b0e1-49db-b80e-64252c778925,9f26f193-d3fc-4552-a96c-7344117c1b52
dad47596-70d3-43dd-ba4b-32202d151e04,9beeff0f-d970-4b5f-b12e-9774caffbfe0
a4f63953-6323-4e64-bdc2-fcee792afa77,fbe47b0c-bb58-425c-ba7a-90b88a965c41
a05f2a77-6824-4782-b981-5ba1977166f2,5be8803e-a600-45e2-adc3-2b0da6f1a74c
726a2b71-a81e-4386-8080-e7f460346da7,1242e934-c515-48e2-9e57-ec250eeb4b91
d253dc14-0dfa-4b85-a8bb-fc0072b14e37,6ca25418-704f-45e7-9d32-a68c7ee24347
7f098eab-ddad-4710-82f7-d5c47cae76e4,6d44cd1b-dda0-4787-9b13-b26a595760cc
bc84fadf-33e7-4901-a606-f28ec9867210,bfd0e005-05e9-43ce-9850-44fa3a93e549
c479697a-6dce-4ac9-88e3-337e2c958f46,f4b10df4-ff43-4a4a-ac31-36e0f16558da
8a5a3cff-ae4f-4f3e-8553-3e1df2e64c21,5f10c5a3-a973-4b29-b190-dd21abd12363
11b0120b-57db-4735-a8d1-520676b31ca3,f0f299c4-d22d-4cd3-9281-42cfb46dbb70
c01f05d1-4a91-4717-b3ea-90188d57e79b,039355cf-191e-4bc4-9594-4f0047da8938
bca96eb5-db1b-41fc-bcf0-10e34f81625d,723e0be4-44ff-42d0-a0f6-571e9f081727
d8120a39-4353-44db-b213-8b4c9c142246,5dbbfcfe-3ef4-4ff4-9c17-47b3dedcb9fa
a61de913-ee25-4eb0-b0d0-30f3cb5e5fad,7c68c951-c4cc-4564-9fc7-87f87f6a69bf
886f6516-fffa-4cbe-b10e-5a1e5eec6476,0af5ced7-d908-49cd-b9ea-b136b68a269f
7cbedc88-5742-49f1-b231-99023b5df553,b1a09c69-5dc3-40a5-8165-3d6304e868e7
47823b2b-bb0f-4386-b97c-b8cbcb194937,6ca69a60-6c2c-4792-a4df-c47e19cbde50
d8172261-39e4-484f-91fc-327602e795af,ef3779af-4a83-439b-90da-883110b67e31
668c34cd-8658-4312-bb3b-9bb6eb869354,33fd7b57-ce90-4c8c-8c2f-c9ff663fc068
d4343a6c-1522-41f9-b2af-1efbdf6fcada,cf0cd2e4-0224-48da-8d7b-7068bdc5a3ae
73322e28-4f6f-4e6d-9434-8aa2d9539af5,5f8a09a4-2dad-4e33-88c6-f73da5a8f5c9
0d5a0396-4209-4d17-acc4-b3df47d41670,58325c74-a256-4a38-8ba4-a3d524ce2da4
750b7ce5-f462-4b7d-afd2-1b8849f26d58,9d2a49c8-fbd2-4e19-8e26-26a0a3dd63de
4ab64a9a-901b-4ce9-8127-aa21685cea9f,3ac5ee50-15a6-4ebe-a72f-f2d763d64692
c11c2257-b2b6-4c01-b6a9-c243a75e38b5,4af65998-e1ef-42e5-a42a-7f6c44af16c0
c3d11c55-44d1-4c1c-862d-398900d70f7f,137e3bc7-54ea-4fec-adeb-a7c8d472cad9
ee4b54d5-c1ff-466a-aa85-1e6006386207,e55a7ebb-120f-4858-94bc-6033f5523824
58f040b4-961f-4510-9c9e-0ae1ad5128cc,42c93ba9-edd0-44b5-bccc-fe1f335a9434
51f13bb1-a8b7-48e2-a8d8-bdb458a4016a,aee2f0fe-3bba-4d61-a4b8-d85f65b08105
10aef0cd-4429-46b9-b6b2-593d64536958,adc48749-5e41-4090-a83e-7db688e73fa6
b4be74df-c0a6-4d0b-befb-613d40d5a274,79221107-a175-4cd1-9bda-9f9b5132c223
efb00d8f-cc93-45ca-ba35-bdc3df95b882,db3fa242-2dc0-4964-9173-84191d414e88
a06a291b-91ac-40b4-a935-a8a103bd5277,597c23ee-d949-45f2-8938-011c132f018c
fe31c3e9-ceba-4b83-b6ba-d6a519cc3767,6c7ec4d2-9de0-447b-a87d-68c409c979c3
eb3fdd68-c8fc-48b8-b08f-d7f64b8e89bc,0f3cec2b-6faa-4423-a5c1-b845b496f1fb
f44bdb70-69ea-4eaa-bd1c-a31405ac66fe,307587c8-b884-413a-b196-b5b7972eb713
e31cc990-7dfe-4948-b4ff-d1c48584b91a,00d5cd2f-4021-45e5-a198-713207d34a07
e263c840-f857-4ed5-92aa-7f27d7e1081b,057a03ac-32bb-4613-aeb8-ffb02be942af
c16f921a-33cb-4c52-a850-4b478608320d,14dc24b8-8b14-4501-8b8c-759bbf08329b
50ea3a19-2418-4a21-b523-8b6bb0563c53,67ec0ab0-fe6e-4b82-a3f6-e9cb9f6a4956
0f5c080a-97e1-4ace-bdb6-abdd5f55c627,59bf1da5-3671-40ab-92c5-f1b443596674
d7507a0c-e1d4-4fc2-97e4-314371d1330b,b30ed7a0-a047-49e7-980b-d48afe9126bf
dfe44699-42d1-47ca-9ad5-601aea341d9c,d1d7425b-c328-47e6-9ecb-7d92f4778e38
9e700b5a-8282-4382-93fe-2e397421dadc,dd290e2e-a209-4c8c-a0e2-f47db808bf48
24a5154a-50dd-4d17-a8ce-f175bdf575d6,437d7708-2a18-41fb-8fb6-3e6ce1e28a73
4e0067ad-73cc-4bb2-a3d2-26a6870aeef4,03c5fc75-5362-4ad1-be93-a10b315db611
0e15d125-35b1-4e2a-82ad-607c94afafe9,80ce3c7e-9b0c-4f6f-8ae2-b9488cb61294
49891a84-4c6c-44bb-90eb-7c8483cfade7,b0bcc02f-134b-4fef-87e1-6e5cbcc1fde4
929077f8-4568-4c60-8d0c-7ee29ad0a3b4,2371a3f0-f0f9-4550-b34f-4eb44d27297e
c46040c9-3b95-4b1f-9720-74b82068bd3f,86904d85-b16e-4384-b213-a17082c8989a
aa26055a-f197-45cc-b349-ce25f3527387,c787be92-f7c3-4e39-add2-0b88ea46a2e9
8764236a-43be-459b-afbe-a6c25d6c2af8,d229255c-4704-4aae-8059-9590ce3a50ef
efe6a467-22bf-473b-be5e-57c7a8d32a9f,4be06fa2-b071-4a03-b936-89d19ab89dd4
3e5c4625-fbce-4601-8a06-382eac6e96ff,c2fffd88-89ad-4c9c-8be7-231c63454cd6
40fc2886-19ef-441b-91e8-63cc1f57faeb,dc1ac666-be62-4f40-b94b-ac068ccfc964
c6248598-c01f-45a4-b611-5ffeee95ab0c,c1f74b6e-f0de-4d83-b339-16f1859d2574
476d0b0b-7b96-49ad-945f-c4502bc866f0,61bebeea-3223-45e2-8d7d-bf142a63fbb0
20212d10-f90b-4776-acce-c76991cc3088,fb6c3521-9442-4c12-a104-8d87ee060f94
b9f7d88a-2eb2-4b2b-adfc-6ba2bfd868c8,f9d38f2f-7a6a-45df-8c88-6a218d4dd668
033dcb56-70f7-420d-a11b-cea929fb99ba,f200084b-5c1c-422b-b5aa-88dc76d58862
b14800f8-d64b-4b41-8480-3227b30c8050,0150539e-2f1e-4058-893b-5fa0bc5dbfa0
918d133a-ec2c-4724-b4f0-2908bacc9d39,44a67922-0934-47c5-8f7c-b5ac92931c72
91c3fdc4-da7f-4d2e-b906-18166b2254c8,5b9f011d-f9d8-4305-b84b-94c80d0fa150
46f5c9c2-7332-456f-9b97-0516c247819d,417f5f80-6090-4921-89b2-0cc57b286a5e
682578fc-c749-48a8-a9a4-46e06b41de37,ea945f48-b21e-4391-b00c-930203f84423
245c5c8d-df43-4529-8524-917e1283ca17,f193cbf6-d7c0-4eac-a6f4-31e5556e12ca
3010beb9-75bf-433f-9249-bae75b7c8413,e3bb644f-ac87-4784-b613-73a621b8d1bb
36fd2a61-9278-4c61-b618-e4c5bd9a0732,bf70501d-bae7-48a8-9d77-db440919e5b3
eed22ce1-ed39-4f08-b450-d906cfc690ac,1cd6def1-00c1-42a3-92b9-1b93658593bb
deb84968-8449-4fc8-9937-6dae290c7ff6,06f2559b-eb5f-4bc0-8fa6-f7ddbe4316cd
70d89d37-a940-4c91-83b9-8e39b9ab90e3,cc20e83c-5328-4147-ac4b-fd15b05146c5
e4f6ac85-deaa-4125-b62d-3ed629fc7562,8f95c6cd-cf23-4c5d-a8ff-e9b9675acdc9
972d99b4-230e-4b4b-beea-06a23a775bf4,ec2c2b6c-115c-4452-9ef1-3464bdf8721f
e403de26-a005-4188-90f9-c5677b4d802c,a32a007e-e54a-4415-a0af-e85f5d4fc1e1
0492ba3f-5f44-4e9e-b4d3-c9f798f62a79,c1d97b6c-cc48-44ec-9391-0fbb4599a078
cdfaab72-00df-478a-b959-951ae3741271,467be359-9abb-43fc-8534-f46db59d00a5
025ab485-7e91-4c96-aa72-925dcf3d9234,edfa57cb-05e0-49ae-baa0-c702bf4a8011
2002f469-157c-4926-9f82-bdc0b1c5ee84,8639643c-0bc1-4fa1-a71b-de24e50c60fc
aa6deb44-d68d-4e6a-b0e4-bd24e0cb903b,a4670581-7ec0-4ccc-a6e2-0ea76bce62c0
434be84e-0f42-4eeb-9544-52513177185f,1becb5c3-bdcf-49dd-bb4e-dc089f2ed661
7dba79a2-eebc-45d5-a411-cf9470618ea1,5662aca3-decb-47fb-bcd2-b64a4cffe2cf
eab50578-d1ac-45ef-88ab-c7207c6a1924,a62f8eaf-3bcb-49e7-99a2-155c3f1c665d
50841aca-4543-4f3a-87d2-90919ddbff3a,0bcaa838-c8c7-4772-a225-fed074f54074
d9aa2355-d0ac-4701-80d4-a0ad7e753788,aebb7290-8003-4201-937c-d12a0b274e12
0b0c955c-6a65-403e-a579-3c29b57bda4d,e127ebc8-cf65-4ad7-83f4-d3fc490ce073
fcee98c2-8c71-42ef-b3a3-402f2e73c686,088ff8e0-ef99-4394-b795-fb1277bd7dd6
c56804de-39b6-4d5c-9c5d-7a788fbd1b38,6d491074-b2a6-4b8f-89a5-6575bed5d9d4
001587a0-025b-4cee-bf04-884312ebdb61,efa8642f-4658-4d84-8038-d878afe9c19e
f8a55077-c783-4424-8960-f1ec7a1a778a,e4a26ab4-0a2c-49b3-9970-8809b7e978a0
b5b9a296-31f1-4b03-9d18-c2f95e77a6a4,2788e9df-f92a-41da-a90b-03460584ec01
bd09b67b-ea99-4d16-aea7-5087e2f86d5b,a83c7bf1-853e-4599-af5f-a006aaf3a8c4
17df6d20-a0b0-4564-872b-54b8370d823d,e812c063-5881-4cf5-8a9f-4b20c7562493
a067a37d-7bd7-41be-a6e3-61ae3dd637ad,57828fb8-1fc7-4e76-8f32-568f9b061586
e86acf8c-2260-43d4-8ba7-c72020f197e0,c8cec67a-6ff9-4238-9728-9808aa5c7a2b
5f229440-fd11-411f-ba31-9300c98085e5,f2b0241d-96c3-4be4-a497-5cbc3f45c254
daf1ab6c-e357-47bc-ae1e-3a2366c272ab,f50b7c31-d553-4956-bd6d-7942c84572ee
1e6c602e-d1b0-4ebf-a782-bde3cdf6be45,661a6199-51c3-4fe0-afa7-2de7134dc302
de2e8937-cc53-4783-9671-412cb7501e31,d55b8427-5e4c-4965-b7fe-5b41734ebf58
231db2a2-344a-48ac-9a43-4843430ce347,f29a9614-5671-464e-a868-c8ea29b8ea5e
5dd0c75e-8d0e-46db-9c60-c4cc356bf16b,2e88a5e5-ac4f-4e5a-8a15-b0a269c5e291
62f195f4-fa84-4438-b529-a748b15ae8d2,7c3130b2-9be1-4b66-aeaa-14ada441ce27
8b3a6315-d5f9-4340-bd47-6d7b867aef78,c796a444-c27f-43d2-81e6-a134bee6aea4
52513787-28c2-4e0d-ae4b-2acc269e42c3,d81e63ef-ece8-4d26-a6ed-c8e56dbff99c
fa797c8f-13a2-470d-b70f-2f18a043e62d,532ac1ba-f76a-49dd-bb05-82b5aaceddea
961bc915-dad6-4211-ac3e-9488cbe4d6ed,9f2dd10b-de26-4693-b2f0-b86d97d04386
fc8df529-0cdc-4315-8518-089b62fdc7de,8ae67ba3-bea9-4940-91c0-631580bb9b8d
d6e78279-648a-47bc-a6a8-f59620783f54,826cfffd-9021-48a8-b5f3-1a5c19b2a005
af0c35c5-daf8-410d-86ec-d20e8861cfd2,5542e1d4-e232-4049-99fd-e3db66a5b5f3
17d904d5-a98f-44b7-b6a1-eefef6fb8401,a2fc9789-6919-4cf4-9e7d-6ea479ddd301
cf3951c5-8051-4e76-bbd1-a77f054dae52,97643694-8ba5-462b-8b0c-65bbb4f60513
95ef8ba8-4470-49ad-a960-b5c9ac9f3ad1,ea382837-83a3-4224-910b-b379319ebb2c
f6ca439a-26a7-43b0-9e99-4cafb2637960,811d5818-0b94-4102-9ebf-583eb7c0b84f
93ab8de4-e31c-4573-8de7-b434dc71d338,c8b0df58-01e9-4495-bfe9-c2886dc7330e
9dd876fd-db8d-4838-ae02-7ab95e62c52a,929951f3-3f2f-4de7-aec8-42ecda6e9b99
53a86022-773a-4007-a5a0-4129aa93d86f,f3bfa192-0b34-4698-bf62-ca098e42beb0
796de92a-ad32-481f-890c-1c88a79dd4d8,9a9d1911-693d-4953-b7fa-25c5e38e8f51
997ff8ae-80dd-40a6-bfc8-00b540150366,583fc083-26bc-4d29-984d-a218efc82f40
8ad2a8e6-0e21-4ec1-b524-fe77c4d9d1c0,0c69d516-408b-4376-8821-5c183765d86b
accd2f25-6a14-4e8a-b545-80a84e9a1266,9186c79d-269b-41ac-81b8-864ec96f650e
5e570f99-a032-40d1-970c-6b5118171d87,3708c897-d1d4-416c-b112-e1bc6d7070af
c0e74b54-072f-4d05-a4b2-bf3f4dd46ea6,ac967c27-b8a3-4f63-b2f8-5ce7c2e1a1d1
1f04af7b-41e6-43da-b5f3-ee4fc3b32425,c544986a-871b-42ae-9267-cff0aabb9acf
eb188c2b-8887-42fd-8166-ccded67d908b,4321c5d9-ca5d-463b-b9ea-73df4d597bde
e1b231c9-8cf2-445d-a3f1-257ed6332646,edd14567-ddeb-4c61-bad4-c10b8fea0447
178375d0-bf60-4ec2-958c-841ce2bd51f9,9cff31a6-0bb4-41ed-a90a-ada9d3101da7
a2c53389-3412-4e9d-a92b-4ec40219ae0f,52616933-2e04-45f5-af25-38c8e203df59
f0fab226-9435-40f9-8f20-8be41bde5c3e,0c0c04c1-236c-4e19-bb71-54a67753d19d
adfce07f-e1f7-4aa9-988e-c0b91bcd23b2,b2d4707e-4e12-48a2-8d1d-67b3a767a491
a030b447-3587-4b23-8fa3-db944965c14c,85625282-9ba2-41b2-aca0-62905f7e9f77
017efcdd-3754-41c7-86a2-890672ed59db,6c6f77d4-80c1-44e6-9c56-d195fd359b71
b7cc7155-66ee-4bef-a7d3-a2000eb8fc66,0294244f-f7cd-4742-bd66-cf8d1fe77546
1f615cd8-592d-4936-9ff4-a62400ade7a9,4ed4e9e1-3224-4a80-b08c-3ca75897c6e1
16b0a6d4-1c91-4b38-9181-bddb1d796276,47d21736-40ae-45fc-8f2c-84582340cc8d
82e48b9d-3f68-427e-a2ba-8680e4777ac1,63d139c8-bf7c-4a64-882d-8e204f029e97
ce9a39c5-1908-41c1-862b-2cfc22482366,5ca4c078-99b1-48e3-a937-87db26af4d26
63724ce1-a0ed-4ba9-bad4-ee8ccabd8417,345e7c3a-131c-4b54-8850-1aed552075e5
9e14683a-77b4-4245-9cc3-5aeb2cccb4b9,8a04b15b-13e8-462f-9c4a-4d89414fb5a1
ee798ee4-d65a-478b-be4f-8901dd2099dc,e8182e11-5293-4d7c-8737-c2de24d1184a
e2aed464-7dad-4562-ba59-9de7eb32d399,89685be8-fed8-4590-986a-eac0d0a9b11c
f81aed0d-5a0e-4790-a071-04c9935eee01,fab28436-ae16-4608-ac3e-b90485951344
7b7af7a3-08d3-42dc-b754-8a40081ae253,850edf83-b0a5-4819-ae76-ec9a50e199de
81cdd266-e28e-4fcf-be83-3a19b0a100cb,9f40cc8b-7776-4124-8286-f4f62f9418f6
dbce6a61-ca09-4ca7-a143-fd789cc23c8b,fc1371ac-6281-4816-a1e2-823086190479
4f413868-641c-4106-8bed-e70261ab3f08,762ba8f8-8452-4765-ab60-958212b4b54a
e87f09ff-e930-4e11-aad5-3cf07f3235da,a69156b7-a935-4c7d-9d99-9c3118c570eb
70b2385e-1815-4db7-8bba-f9aa25b77711,c6886fd1-7d79-470f-a8aa-c73dd456741e
1ae35be6-b0c3-42fd-a391-9e94568bff00,459587d1-c2fe-4ac1-87a5-89df057964ff
95adc811-c0eb-4a36-abe1-e6bcb1d2637b,e963a331-9501-4d2a-9ba1-07bd8de221f1
ce9c5d08-3f1d-4dcc-aaf7-4cb8fb24bd54,37217d1f-a8ef-486a-adc7-c431895059af
af96a109-e519-4233-89d9-b92da86d28e1,e2c0b53e-4540-4153-a4d4-8724805efa17
69dc91c2-a50c-486e-ac00-09898784eef2,08fa7d18-581f-49db-8d8c-1a22dafc0d73
03a621d8-501b-4baa-9bfd-5d37d112ee6f,3c468ed0-e441-4f9d-adf4-067f80aaed29
6fe8d6bd-f736-44ae-868d-aba3632c09ad,a57dafaa-dcc6-4103-aa49-d1bf7d389769
e54b737c-3550-4844-96ff-cfe354d4561f,37c174cb-e744-477b-a329-bcae141d9e13
5a629611-2f0d-4c51-a906-f0edb61879fc,b7c53991-73ca-4a7a-a143-608979fb22da
7c98a8dc-54dc-4af6-9559-46eca1633730,194573f2-a31f-4d55-9cd1-d8fbbab9fe92
7da6d93c-5f61-40df-8539-033cf21e64e9,519e1a30-1087-4d2f-a51b-f223d6d2ce43
98e06e8d-9633-44ac-9bcd-e8fd62fe23c7,1dd108ea-8cba-4370-a842-e4cc205e9990
189644aa-f9d1-4412-b69c-bf19f5b25db9,c8cd6e52-4030-45ff-87fa-8566d1c1f327
736537a8-6b77-4c75-83ca-bf530cea1d16,6ae8f0e4-c40c-4111-900a-08298955f904
f64290ed-fefd-4e4d-b649-51b2460e2938,cd01a9b1-11e0-427b-9e7f-356a2ef47efe
e0b04f19-8c57-4ea2-b923-02cc84b686ac,3585cbbe-b928-48e7-841a-619b753451a0
9dcdc6c6-ac6e-42e9-9e55-f945a3fc7cda,000386ae-39f6-415b-9ae3-c91c0d771a27
e7c85041-8ecd-40bb-932d-afe0ae68f2a2,0ff765c2-7c5f-41d2-b4bb-307d2e8d9403
50444b2e-50d5-48c3-bb71-c81c1340b95c,7225dee8-f8bc-4677-815a-96cbdea64246
154c1a8e-4334-42e2-aa1c-2d821d4d0cc0,217665e2-8b6f-4672-be0c-1eb2516a33be
e5e881ee-d8db-4b76-a5d6-d461d9baf97c,23657761-4427-4b97-8fc2-2d26e0d2d6f3
679ea36a-6ece-4c1b-96a1-70027176fa93,f95d9056-fa4a-4963-bf6b-f5d91a829dac
914b38e7-c173-4c1f-9bd4-9820e3ac266a,e93f0953-f202-42bf-9a44-280040e85e2b
c0a9b7de-3ebd-4160-abf4-b7f400c8541d,8fb26d62-4012-4590-aad7-7e3be93ad94d
aff95d4b-1463-42e5-8afe-64dee662af09,d30c60c2-6b33-4f7b-ada8-a9353e992bf7
94a36e7b-2bf2-4a3b-81e5-7d41adc23930,f13adcb6-aecd-4989-8bc8-217ec7037f8b
5795560a-75d7-45ab-a67f-90171905ae45,d7e29219-ae6c-427a-93a0-ea2868418a45
ff1cc2db-0bee-4bd4-b666-43ae60a24d16,65356aae-b03a-47c5-b4b0-9bde0157c3a8
e5f436df-69a3-4e63-adba-dca2edd94d1b,706ab924-a9be-4aaf-b07a-2c5bac51909c
cdbac016-17e6-4ab3-bed6-3e4cfb510e2f,dd96452a-62ac-44be-9749-527d11a38e58
0c37a98b-62a8-431e-9721-bc4ad2278fa4,e0236654-9e78-4cfa-8ead-09be221ef442
d7301e96-6666-4d5d-9f5c-ea61ca9a49c8,4648a55b-cd1f-4db1-aed7-f60dd85a7599
6cdf5159-277d-45b1-b809-0bd6e8ead742,0a80ec91-0203-45b5-9d26-614ed1eaef41
51dea69d-0dee-492d-b689-9afcc244b6d1,c91ac86b-7c54-47ed-9a52-f2d01c7ecd40
fea67b2d-1f29-493d-817b-dce5042dfbc8,29df31aa-c490-46fc-a969-76761cf1abcd
136009a0-a9a3-4e59-9962-eb280365d049,ee105c8f-e1c0-4367-a0f0-80867e168354
a87395e6-6e56-4dca-872b-69d7dc0d83ce,8fbcd991-87cc-4c34-b320-baba9fbd4869
4edbb4d7-9ce8-4f3b-8d01-13e8e1777266,252b1039-4867-4daa-9473-28674ab55ca5
188fd61f-6415-4074-8706-fb497706b003,0c5aa303-82d5-45ec-a1ee-9772a8110e91
ecc1f030-326c-48ec-bfaa-a038fb202d12,4ee92f3b-97a5-4808-a848-a36f736ce852
0dd72f0e-cace-4fa8-a151-3993ab15d4e9,84d0f23a-e22d-415c-9ea9-29554661bb49
01c4c9bd-b618-44b6-addd-9ac401f555c3,6ed51cb6-7dc3-44d9-b53b-283391c275fd
ace134ab-b65e-46af-be6a-578ae28e03b8,7b0f0af7-2907-4a34-9b23-741dfeb182dc
e947e874-edcf-4381-9e3a-4c57ae23df78,0bca4822-6e3d-4f63-9710-cb452d702f06
a6727572-16c5-4974-8d67-5d7d3aa2ab60,60d79cf2-ef3b-47a8-8b8b-c56ef0557e13
4d04f08f-1ce8-4ff2-a6b6-6d3066c7cef1,004cec26-ae65-4f0f-86e8-b3d34b3eb021
bf3cf560-4fb0-4117-9f92-3498021a8cbb,ba98adab-2214-4e49-bedf-24e6c4fbeee4
d2c1e038-5e3c-429a-90a0-b73e3b3a9792,be04ed7c-babc-46ee-b593-8f2d7fd6ae19
91010aeb-8593-4e67-a023-9f271f9f9d6f,85f9d4b9-0751-4b9a-9d03-febf4e5de5ca
ef65427a-ebee-47bd-ac44-9097f7debbbd,c1226a7e-b637-470e-9227-e0a0636c08eb
038c4eb1-03f2-463d-a15f-07c7276d6122,62664124-8121-4797-8030-47e23a598ed8
e354d672-7d07-4a07-be27-5e96b7df81d5,aa49b417-bdca-4dde-b261-6414e0d2e78e
64093074-41fb-4cdf-bce1-a74fd4f48a59,d41f7536-3b50-4962-8f3e-55d6a2db0837
ee187671-63d0-480c-b04d-ad63cb76dcb7,53b5a4c0-e394-44c3-afa5-c3389e2d9d0b
e927ed0d-91bd-4b57-a1c7-c9c8a9ea7579,7b44cdd4-0eb1-4bd9-867e-d85155461847
91ba1d6e-399c-469b-917f-8a419f7d5cd4,914f5581-14ab-44e5-9202-d88d9885a0c3
528c02ee-4f4e-4b18-a572-c5666c626288,006b9865-26e9-4cdd-b50c-d76f3cb62d66
87122eea-2660-4fba-a06d-221a50ee9ad2,799cd33e-4b14-4a36-bde5-31f335d337b0
06a626a6-dd46-47be-9dbd-c7b7755823ee,3644b7c0-f50b-427d-a3ce-b7f84aa6a1b3
6a0317be-f35b-412b-9cd8-d69e852f0429,bc2b122d-45e6-4525-a051-e8aeaee591c2
d5a6f387-6af8-4907-9605-c3cff203c3e0,4948c418-e786-4a68-bc78-70d15e607c86
16ede8c3-94ca-42c3-b44a-7e1c693f4d04,18e4179c-ce83-4b19-8b86-aadc80b1645e
887724cb-da69-4130-b124-01494f399abd,3e95a8d0-059e-4754-84ab-3e73bb5d2c7d
35f4ff68-d65f-41f5-b769-b7f52f719817,c0f08631-4d41-4246-b518-28023acf6dbb
a952ac6e-ebc3-4b72-bff2-f5c9ad7d547b,16bb4280-1218-4acd-9095-f8fdb1f7d8be
803629f3-a596-4e42-aa92-3b09b9ad75a5,427b2122-5bfe-4f3a-8df3-8684b4625610
58fb0c77-ff45-4fb9-930a-c76a93a4dae5,a987a369-14fc-4cf6-8517-8517753ebcf1
bc319d4a-1201-476e-916a-5945cd021782,91cbc02f-8ec3-4c65-8215-f2eb82848beb
c4468a5f-3063-4a11-a8e8-a6f827dea3be,768fadd4-028c-4d91-bb53-2ba9c30a7752
67f011ac-6644-4403-ae8d-fd02e1b09744,3ffd294d-55b7-4602-aa16-5773cfe2b5e2
445330c0-5e0b-4b98-b631-a646ead5225c,72b560ae-40d4-40c5-a2de-96f1bc5d1c15
ddefec58-4188-46e8-8f91-4257da00a85c,c7b53043-6924-44cd-8992-a3851b6641ac
a7b95f61-6d0a-47ff-9b13-2ac21bcc7d46,01e99a2e-a353-4813-a3cf-eba14f9661da
655fb09b-2512-40b8-a330-85a2bf89ccb5,344df662-4333-450f-9528-67bd6fd24475
5e6f8b37-8e40-4a0c-81ec-68d52d15c089,de1f1b29-8b23-4d6c-97c0-9c4c95ca40ec
18998f83-186a-4f74-9030-ce4930f91a0a,3a5ae1a4-20d8-49fc-943c-b6c4cdce2da7
ca04ea7f-7af9-4151-bb51-bb413368c20a,5305ba67-040f-4bbd-bf96-17c98f07b1fa
c50c0a5e-c1eb-4c81-a215-a801a17acb68,7b64d523-1e1e-412c-979a-5573d19d715e
43bb0f44-f50a-4b84-9ea4-39a1737555c7,00fc72d0-998f-4669-b240-a66edad65714
32029eb1-83dd-4298-a25c-0571650bd0a9,437a78a7-7857-4c34-a50c-70bfa32495d8
69dd1b47-ee55-4414-83a1-c914c84ea2c4,52dbd6f2-c1af-422c-9f63-bc2baec263ba
b8fa07a6-689e-4bdf-92cc-01dd50902667,4f49b509-f6c4-4393-a102-851dd5130542
879a6b6d-fda8-49d6-8bca-47b4fe70164c,fd59d737-886d-48a7-bcbf-d540fe73fabe
c9d42dcf-91a5-4c38-9884-f940e957fd3d,430ae418-fab5-462e-8b9e-518e92c888e1
9bfa6fda-b806-4919-b2d0-53ff2e115f9b,ce21b67f-f683-49ae-b752-626173f0a22e
18236436-11a5-4304-a9c2-0670d19f9fb3,ce85bdcd-37bc-47b9-91c9-b3d0156e40ce
